query,video_id,video_title,video_description,channel_title,video_published_at,video_url
Iran Israel US war,H3shJfBEC_M,Iran Israel US War LIVE: ईरान ने पाकिस्तान पर टारगेट कर दिया सेट | Mojtaba Khamenei | Munir,Iran Israel US War LIVE: ईरान ने पाकिस्तान पर टारगेट कर दिया सेट | Mojtaba Khamenei | Munir ...,ABP NEWS,2026-03-24T08:25:54Z,https://www.youtube.com/watch?v=H3shJfBEC_M
Iran US war,u2m7AQUX_yc,Iran-US War: परमाणु ठिकानो पर हमला अमेरिका को पड़ेगा भारी | #youtubeshorts #shortsvideo #shorts,Iran-US War: परमाणु ठिकानो पर हमला अमेरिका को पड़ेगा भारी | #youtubeshorts ...,TV9 Bharatvarsh,2026-03-24T08:15:04Z,https://www.youtube.com/watch?v=u2m7AQUX_yc
Iran Israel US war,96-ayaIeds0,Iran Israel US War: गैस संकट पर अफसल अंसारी का सरकार से सवाल |ABPLIVE,'अली खामेनेई जिगर वाले थे...राष्ट्र के हित्त के लिए दी जान!' अफसल अंसारी ...,ABPLIVE,2026-03-24T08:05:00Z,https://www.youtube.com/watch?v=96-ayaIeds0
Iran US strikes,ILUJxaf9qMo,US Hits Iran Gas Sites! Iran Strikes AMAZON & Tel Aviv! TRUMP Insider Trading? 5 Days Pause | Kinjal,USIranWar #BreakingNews #IranAttack 1. Unacademy Revision Test Series (URTS)- UPSC CSE Prelims 2026 ...,World Affairs by Unacademy,2026-03-24T08:01:08Z,https://www.youtube.com/watch?v=ILUJxaf9qMo
US attack on Iran,y5tRYK31YU8,US Attack Iran News | మిస్సైల్స్ తో అమెరికా మెరుపు దాడి | US Iran War | Iran Fires US Missiles | RTV,US Attack Iran News | మిస్సైల్స్ తో అమెరికా మెరుపు దాడి | US Iran War | Iran Fires US Missiles ...,RTV Tirupathi,2026-03-24T08:01:07Z,https://www.youtube.com/watch?v=y5tRYK31YU8
Iran US war,WWfP6RSTvkg,Iran-US War:होर्मुज स्ट्रेट दुनिया का 30% इंटरनेट डाटा का पैसेज |#youtubeshorts #shortsvideo #shorts,Iran-US War:होर्मुज स्ट्रेट दुनिया का 30% इंटरनेट डाटा का पैसेज |#youtubeshorts ...,TV9 Bharatvarsh,2026-03-24T08:00:26Z,https://www.youtube.com/watch?v=WWfP6RSTvkg
Iran Israel US war,ISNCf3JVhGo,Iran Israel US War: अफसल अंसारी ने महायुद्ध पर किया बड़ा खुलासा |ABPLIVE,'अली खामेनेई जिगर वाले थे...राष्ट्र के हित्त के लिए दी जान!' अफसल अंसारी ...,ABPLIVE,2026-03-24T08:00:18Z,https://www.youtube.com/watch?v=ISNCf3JVhGo
Iran Israel US war,FoXT3AyRkbE,"Iran Israel US War: अमेरिकी फौज का ईरान पर बड़ा अटैक, मिसाइल लॉन्च पर US की बमबारी","Iran Israel US War: अमेरिकी फौज का ईरान पर बड़ा अटैक, मिसाइल लॉन्च पर US की ...",IndiaTV,2026-03-24T07:56:45Z,https://www.youtube.com/watch?v=FoXT3AyRkbE
US attack on Iran,4S3T-9qNU18,Israel-US attacks Iran: ईरान ने पलट दी पूरी जंग! | Donald Trump | America | Middle East Tensions,Israel-US attacks Iran: ईरान ने पलट दी पूरी जंग! | Donald Trump | America | Middle East Tensions ...,Live Times,2026-03-24T07:55:06Z,https://www.youtube.com/watch?v=4S3T-9qNU18
Iran Israel US war,xsQ2GBkNPRc,"Iran Israel US War: ‘ट्रंप-नेतन्याहू मिट जाएंगे, खमेनेई अमर रहेंगे' |ABPLIVE",'अली खामेनेई जिगर वाले थे...राष्ट्र के हित्त के लिए दी जान!' अफसल अंसारी ...,ABPLIVE,2026-03-24T07:55:03Z,https://www.youtube.com/watch?v=xsQ2GBkNPRc
Iran Israel US war,cim_GXI6ykM,Iran Israel US War:'ईरान पर हमले जारी रहेंगे..' Middle East जंग पर Netanyahu का बड़ा बयान | Trump |,Iran Israel US War:'ईरान पर हमले जारी रहेंगे..' Middle East जंग पर Netanyahu का बड़ा बयान ...,News Nation,2026-03-24T07:53:16Z,https://www.youtube.com/watch?v=cim_GXI6ykM
Iran US conflict,ZfZeb8re9w0,US-Iran War LIVE: Big Update In War As Trump Hints At Iran De-escalation 12 Hours Before Deadline,"U.S. President Donald Trump has hinted at possible de-escalation in the ongoing Iran-US conflict, saying both sides had “very ...",Times Now,2026-03-24T07:52:27Z,https://www.youtube.com/watch?v=ZfZeb8re9w0
US attack on Iran,PtSC1ZcABDM,US Iran Tension Trump Big Claim Explained होर्मुज पर ट्रंप का दावा मैं और अयातुल्लाह करेंगे कंट्रोल,मिडिल ईस्ट में बढ़ते तनाव के बीच Donald Trump का बड़ा दावा सामने आया है.,Galgotias Times,2026-03-24T07:50:44Z,https://www.youtube.com/watch?v=PtSC1ZcABDM
Iran US war,PUQ8ScHlReg,Iran-US War: तेल के बाद अब इंटरनेट ब्लैकआउट करेगा ईरान ! | #youtubeshorts #shortsvideo #shorts,Iran-US War: तेल के बाद अब इंटरनेट ब्लैकआउट करेगा ईरान ! | #youtubeshorts #shortsvideo ...,TV9 Bharatvarsh,2026-03-24T07:45:01Z,https://www.youtube.com/watch?v=PUQ8ScHlReg
US attack on Iran,IDqR6VOqv68,Israel-US attacks Iran: हार के डर से Donald Trump ने किया युद्धविराम? | America | Ceasefire News,Israel-US attacks Iran: हार के डर से Donald Trump ने किया युद्धविराम? | America | Ceasefire News ...,Live Times,2026-03-24T07:40:46Z,https://www.youtube.com/watch?v=IDqR6VOqv68
Iran Israel US war,3nJjPNAYuAo,"Iran Israel US War: ट्रंप पर भड़के अफसल अंसारी, गुस्से में दिया बड़ा बयान! |ABPLIVE",'अली खामेनेई जिगर वाले थे...राष्ट्र के हित्त के लिए दी जान!' अफसल अंसारी ...,ABPLIVE,2026-03-24T07:40:18Z,https://www.youtube.com/watch?v=3nJjPNAYuAo
Iran missile strike US Middle East,NWnGatEbpWA,"Iran Israel War Update: ट्रंप का 'WAR प्लान' नाकाम, धुआं-धुआं तेल अवीव | Netanyahu | Trump",Iran #Israel #BreakingNews #DonaldTrump #Netanyahu #TelAviv #MiddleEastWar #WarUpdate #GlobalTension #IranIsraelWar ...,TV9 Bharatvarsh,2026-03-24T07:40:01Z,https://www.youtube.com/watch?v=NWnGatEbpWA
Iran US strikes,yYL8bVEYM2g,Iran–US Talks Under 6 Conditions | Missile Strikes on Israel | Trump Issues Warning,Iran–US Talks Under 6 Conditions | Missile Strikes on Israel | Trump Issues Warning #Iran #USA #Israel #BreakingNews ...,Unknown Chapter,2026-03-24T07:38:13Z,https://www.youtube.com/watch?v=yYL8bVEYM2g
Iran US strikes,w4KpJY2tG5Q,🚨 US Releases Video of Strikes on Iran! 💣 #news #iranwar #iranisrael #warnews #hormuz #usiranwar,Iran War 2026 Latest Updates | Breaking News Today ⚡ Watch the latest updates on the Iran war and major breaking news ...,News Sprint,2026-03-24T07:37:57Z,https://www.youtube.com/watch?v=w4KpJY2tG5Q
Iran Israel US war,2TQ7n3TZOfM,"Iran Israel US War: ईरान में अमेरिका ने कैसे फाइटर जेट्स से मचाया कहर?, वीडियो आया सामने!","Iran Israel US War: ईरान में अमेरिका ने कैसे फाइटर जेट्स से मचाया कहर?, वीडियो ...",IndiaTV,2026-03-24T07:35:31Z,https://www.youtube.com/watch?v=2TQ7n3TZOfM
Iran Israel US war,l6XcLpDSpt8,Iran Israel US War LIVE: नहीं होगा कोई युद्धविराम? | Trump | Netanyahu | Ceasefire Update | Breaking,Iran Israel US War LIVE: नहीं होगा कोई युद्धविराम? | Trump | Netanyahu | Ceasefire Update | Breaking ...,ABP NEWS,2026-03-24T07:33:42Z,https://www.youtube.com/watch?v=l6XcLpDSpt8
Iran US war,woekeaDe_ew,Viral: Watch How Shahed-Style Drone Downs as Iran-US War Escalates #iranisraelwar #shaheddrone,Reports claim a Shahed-style drone was hit amid rising tensions between Iran and US forces in ongoing drone warfare operations ...,India Today,2026-03-24T07:30:22Z,https://www.youtube.com/watch?v=woekeaDe_ew
US attack on Iran,CMbt9km9dbo,"Israel, US attack Iran: आलीशान गाड़ी में फिर मिलेंगे Modi-Putin! |ABPLIVE","News: युद्ध के बीच रूस जा रहे PM Modi, Vladimir Putin करेंगे स्वागत #pmmodi #vladimirputin ...",ABPLIVE,2026-03-24T07:30:07Z,https://www.youtube.com/watch?v=CMbt9km9dbo
Iran US war,aFAoBYwh6DY,Iran-US War: हॉर्मुज खुलवाने के लिए Trump के पास कितने विकल्प? | #youtubeshorts #shortsvideo #shorts,Iran-US War: हॉर्मुज खुलवाने के लिए Trump के पास कितने विकल्प? | #youtubeshorts ...,TV9 Bharatvarsh,2026-03-24T07:30:01Z,https://www.youtube.com/watch?v=aFAoBYwh6DY
Iran Israel US war,RUdSHyYKyME,Iran Israel US War: 9 अप्रैल को खत्म होगा युद्ध | #shorts #trump #iranisraelwar,shorts #trump #iranisraelwar #abpnews #abpnewslive #abpnewslivetv Iran Israel US War: 9 अप्रैल को खत्म होगा ...,ABP NEWS,2026-03-24T07:29:56Z,https://www.youtube.com/watch?v=RUdSHyYKyME
Iran Israel US war,d_-UzDtN5cE,Iran Israel US War: अमेरिका का बड़ा ऐलान दुनिया के लिए गुड न्यूज | #shorts #trump #iranisraelwar,shorts #trump #iranisraelwar #abpnews #abpnewslive #abpnewslivetv Iran Israel US War: अमेरिका का बड़ा ऐलान ...,ABP NEWS,2026-03-24T07:28:04Z,https://www.youtube.com/watch?v=d_-UzDtN5cE
Iran missile strike US Middle East,HWRF96BZyjg,US radar bases and heliports were not spared from Iranian missile attacks.. #middleeast #iran,,Tutul FakerAl,2026-03-24T07:27:33Z,https://www.youtube.com/watch?v=HWRF96BZyjg
Iran Israel US war,Y31lvwDK3J4,"Iran Israel US War: जंग में ईरान का करारा प्रहार जारी, इजरायल और अमेरिका को दे रहा मुंहतोड़ जवाब!","Iran Israel US War: जंग में ईरान का करारा प्रहार जारी, इजरायल और अमेरिका को दे ...",IndiaTV,2026-03-24T07:22:23Z,https://www.youtube.com/watch?v=Y31lvwDK3J4
Iran US strikes,baWU6CDv8jw,MQ-9 Reaper vs Shahed – US vs Iran Drone War 🔥 #military #usa #iran,"Welcome to Weapon Zone — a channel dedicated to military, weapons, and military weapons rankings from around the world.",Weapon Zone,2026-03-24T07:18:32Z,https://www.youtube.com/watch?v=baWU6CDv8jw
Iran US conflict,RMQyaeezNj8,🚨BIG BREAKING : IRAN - US WAR CEASEFIRE_ TRUMP DEFEATED! ఓడిపోయిన ట్రంప్ ! US యుద్ధ విరమణ 9కారణాలు,iran #iranusawar #TrumpDefeated #USWarCeasefire #PutinCongratulatesIran #IranWarStop #TrumpLoss #PeaceInMiddleEast ...,99TV Telugu,2026-03-24T07:17:21Z,https://www.youtube.com/watch?v=RMQyaeezNj8
Iran Israel US war,mm-WdVG6shU,Iran Israel US War: इंसानियत की जीत! बच्ची ने ईरान के लिए खोला दिल |ABPLIVE,Humanity #GoodNews #Kindness #HumanityWins #HelpingHands #SaveLife #Hope #PositiveNews #Respect #abplive ...,ABPLIVE,2026-03-24T07:15:07Z,https://www.youtube.com/watch?v=mm-WdVG6shU
Iran US war,pHgZgjg8LrA,Iran-US War: ईरान ने दुनिया के सामने Trump का भूत उतार दिया? | #youtubeshorts #shortsvideo #shorts,Iran-US War: ईरान ने दुनिया के सामने Trump का भूत उतार दिया? | #youtubeshorts #shortsvideo ...,TV9 Bharatvarsh,2026-03-24T07:15:06Z,https://www.youtube.com/watch?v=pHgZgjg8LrA
Iran Israel US war,eN5q961sbOo,Iran Israel US War Ceasefire LIVE: 78वीं लहर में हो गया पूरा काम-तमाम? | America | Trump | Breaking,Iran Israel US War Ceasefire LIVE: 78वीं लहर में हो गया पूरा काम-तमाम? | America | Trump | Breaking ...,ABP NEWS,2026-03-24T07:14:48Z,https://www.youtube.com/watch?v=eN5q961sbOo
Iran Israel US war,5zutrjkgbuQ,Iran Israel US War: 'ईरान तो बोला ही नहीं कि हम इजरायल पर हमला नहीं करेंगे' | #shorts #iranisraelwar,shorts #iranisraelwar #trump #iran #abpnews #abpnewslive #abpnewslivetv Iran Israel US War: 'ईरान तो बोला ही ...,ABP NEWS,2026-03-24T07:11:50Z,https://www.youtube.com/watch?v=5zutrjkgbuQ
Iran Israel US war,DpZnsWm6fio,Iran Israel US War: USS अब्राहम लिंकन ने संभाली मोर्चाबंदी |ABPLIVE,USSAbrahamLincoln #AircraftCarrier #NavalPower #MaritimeSecurity #USNavy #Defense #Military #Security #GlobalSecurity ...,ABPLIVE,2026-03-24T07:10:00Z,https://www.youtube.com/watch?v=DpZnsWm6fio
Iran Israel US war,9LkljEBJvxI,"Iran Attack on US-Israel War LIVE: ट्रंप ने युद्ध खत्म की तारीख का किया ऐलान, ये है Date! | Breaking","Iran Attack on US-Israel War LIVE: ट्रंप ने युद्ध खत्म की तारीख का किया ऐलान, ये है Date!",ABP NEWS,2026-03-24T07:08:02Z,https://www.youtube.com/watch?v=9LkljEBJvxI
Iran missile strike US Middle East,IxDh1Z4aBDI,How Will the Israel–Iran–America War End? Middle East Conflict Analysis 2026,"The ongoing conflict between Israel, Iran, and the United States has escalated into a major global crisis in 2026. With missile ...",Junction,2026-03-24T07:07:36Z,https://www.youtube.com/watch?v=IxDh1Z4aBDI
Iran Israel US war,XqGoN2s_v58,Iran Israel US War: ईरान पर हमले नहीं करेगा इजरायल | #shorts #iranisraelwar #trump #iran,shorts #iranisraelwar #trump #iran #abpnews #abpnewslive #abpnewslivetv Iran Israel US War: ईरान पर हमले नहीं ...,ABP NEWS,2026-03-24T07:07:24Z,https://www.youtube.com/watch?v=XqGoN2s_v58
Iran Israel US war,ozmacW96PeQ,Iran Israel US War: सोशल मीडिया पर अमेरिका का मजाक उड़ा रहा ईरान | #shorts #iranisraelwar #trump,shorts #iranisraelwar #trump #abpnews #abpnewslive #abpnewslivetv Iran Israel US War: सोशल मीडिया पर ...,ABP NEWS,2026-03-24T07:05:50Z,https://www.youtube.com/watch?v=ozmacW96PeQ
Iran US conflict,II9AaYHVvO4,Big Update on iran us conflict #india #iranvsisrael #trending,,Mohit gajja,2026-03-24T07:03:43Z,https://www.youtube.com/watch?v=II9AaYHVvO4
Iran Israel US war,z5PD0yYmLyM,Iran Israel US War: ट्रंप की ईरानी अधिकारी ने गजब मिमिक्री की! | #shorts #iranisraelwar #trump,shorts #iranisraelwar #trump #abpnews #abpnewslive #abpnewslivetv Iran Israel US War: ट्रंप की ईरानी ...,ABP NEWS,2026-03-24T07:01:00Z,https://www.youtube.com/watch?v=z5PD0yYmLyM
Iran Israel US war,Gkt7pNsv4HA,Iran Israel US War: ईरानी अधिकारी ने ट्रंप के मजे ले लिए! | #shorts #iranisraelwar #trump #trump,abpnews #abpnewslive #abpnewslivetv Iran Israel US War: ईरानी अधिकारी ने ट्रंप के मजे ले लिए!,ABP NEWS,2026-03-24T06:58:34Z,https://www.youtube.com/watch?v=Gkt7pNsv4HA
Iran Israel US war,v3ECRb6VN4I,Iran Israel US War: 'बातचीत में अब्बास अराघची भी शामिल' | #shorts #iranisraelwar #donaldtrump,shorts #iranisraelwar #donaldtrump #abpnews #abpnewslive #abpnewslivetv Iran Israel US War: 'बातचीत में ...,ABP NEWS,2026-03-24T06:54:01Z,https://www.youtube.com/watch?v=v3ECRb6VN4I
Iran US war,N0NvTsnMaBY,Iran-US War:23 दिन के युद्ध के बाद क्या बदला है ? किन-किन देशों में LPG का है संकट,"28 फरवरी से मीडिल ईस्ट में शुरु हुआ अमेरिका, इजरायल और ईरान के बीच ...",Jansatta,2026-03-24T06:48:04Z,https://www.youtube.com/watch?v=N0NvTsnMaBY
Iran missile strike US Middle East,fM7MQmW0KJI,ইরানের সামনে পরাজয় স্বীকার করলো ট্রাম্প | #iran #america,trump #Iran #Ceasefire BREAKING: Trump Declares 5-Day Ceasefire! Unconditional Surrender or Strategic Retreat?,Padatik Shot,2026-03-24T06:46:57Z,https://www.youtube.com/watch?v=fM7MQmW0KJI
Iran Israel US war,bXqyAkEZCpw,Iran Israel US War: 'ट्रंप के बयान के बाद शेयर बाजार में उछाल' | #shorts #sharemarket #trump,shorts #sharemarket #trump #abpnews #abpnewslive #abpnewslivetv Iran Israel US War: 'ट्रंप के बयान के बाद ...,ABP NEWS,2026-03-24T06:46:39Z,https://www.youtube.com/watch?v=bXqyAkEZCpw
Iran Israel US war,fOV6lz0F69c,Iran Israel US War: 'मोजतबा खामेनेई अलग थलग पड़े' | #shorts #trump #khamenei #iranisraelwar #iran,shorts #trump #khamenei #iranisraelwar #iran #abpnews #abpnewslive #abpnewslivetv Iran Israel US War: 'मोजतबा ...,ABP NEWS,2026-03-24T06:42:04Z,https://www.youtube.com/watch?v=fOV6lz0F69c
Iran Israel US war,XJprknyH2JY,Iran Israel US War: नरसंहार से आएगी शांति ? | #shorts #trump #iranisraelwar #iranuswar,shorts #trump #iranisraelwar #iranuswar #abpnews #abpnewslive #abpnewslivetv Iran Israel US War: नरसंहार से ...,ABP NEWS,2026-03-24T06:37:10Z,https://www.youtube.com/watch?v=XJprknyH2JY
Iran US strikes,23qS_aCi6hM,"Trump Says Iran Wants Peace After Strikes, Pauses Attacks | US Iran War | Iran-US War Latest Updates","Donald Trump has made explosive claims about the ongoing Iran conflict, stating that Tehran is now seeking peace following a ...",The Financial Express,2026-03-24T06:30:07Z,https://www.youtube.com/watch?v=23qS_aCi6hM
US attack on Iran,B9JReiuTwoY,Iran Attack LIVE: Israel Under Fire: Blasts Over Tel Aviv After Fresh Iranian Missile Attack | N18G,Explosions Rock Tel Aviv: Iran Launches Fresh Ballistic Missile Strike on March 15 The skies over central Israel were lit up by ...,News18 Urdu,2026-03-24T06:28:55Z,https://www.youtube.com/watch?v=B9JReiuTwoY
Iran Israel US war,RSM4qYO54H4,"Iran Israel US War | Trump Shifts Narrative, Blames Hegseth For First Strike Call | #trump #iran",,Mojo Story,2026-03-24T06:24:03Z,https://www.youtube.com/watch?v=RSM4qYO54H4
Iran Israel US war,vKue3qvQ5e0,"Iran Israel US War: ड्रोन, मिसाइल, बम बरसे मोजतबा गरजे! | #shorts #iranisraelwar #iranuswar #trump","shorts #iranisraelwar #iranuswar #trump #abpnews #abpnewslive #abpnewslivetv Iran Israel US War: ड्रोन, मिसाइल, ...",ABP NEWS,2026-03-24T06:23:12Z,https://www.youtube.com/watch?v=vKue3qvQ5e0
Iran US war,gqt8EXATIQo,Pakistan To Mediate Iran-US War? Peace Talks May Happen In Islamabad #pakistanwar #usiranwar #shorts,Pakistan To Mediate Iran-US War? Peace Talks May Happen In Islamabad #pakistanwar #usiranwar #shorts Middle East war ...,Daily News1.0,2026-03-24T06:11:00Z,https://www.youtube.com/watch?v=gqt8EXATIQo
Iran US strikes,KbgifqcAs8U,"Trump delays Iran strikes as Tehran denies talks, raising tension #Iran #US",,Mr Cruze,2026-03-24T06:07:50Z,https://www.youtube.com/watch?v=KbgifqcAs8U
US attack on Iran,7_iThuIldjo,"Israel, US attack Iran: ट्रंप ने अचानक क्यों की युद्ध खत्म करने की तारीख तय! |ABPLIVE","News: ईरान से बातचीत से इनकार करने वाले, 48 घंटे की अल्टीमेटम देने वाले ...",ABPLIVE,2026-03-24T06:00:16Z,https://www.youtube.com/watch?v=7_iThuIldjo
US attack on Iran,xx40jh7Bag8,US to Attack Iran: Trump Mentions Plans To Target Iran's Power Infrastructure,"Trump references planned strikes on Iran's energy infrastructure amid ongoing conflict. #Trump, #Iran, #BreakingNews ...",India Today,2026-03-24T05:58:43Z,https://www.youtube.com/watch?v=xx40jh7Bag8
Iran retaliation against US,06Ws9l-ffko,अकेला ईरान कैसे लड़ रहा है अमेरिका इजराइल से ? | Iran powerful retaliation | Abhisar sharma shorts,iran abhisarsharma WorldWar3 Iran #Khamenei #IranVsIsrael #USIsrael #abhisarsharmanews #abhisarsharmatodaynews ...,Bhim Sher,2026-03-24T05:56:24Z,https://www.youtube.com/watch?v=06Ws9l-ffko
Iran Israel US war,myYxgPPm71Q,#Iran Big Announcement | iran israel us war ఇరాన్ ప్రకటన ప్రపంచ దేశాలకు గుడ్ న్యూస్ ! #birdmedia,Iran Big Announcement | iran israel us war ఇరాన్ ప్రకటన ప్రపంచ దేశాలకు గుడ్ న్యూస్ !,The Bird Media,2026-03-24T05:54:33Z,https://www.youtube.com/watch?v=myYxgPPm71Q
US attack on Iran,8Xx38px1B00,"Israel, US attack Iran: ईरान के सीनियर अधिकारी ने दी ट्रंप को चेतावनी !",News: अमेरिकी राष्ट्रपति ट्रंप ने भले ही ईरान पर घातक हमलों पर फिलहाल ...,ABPLIVE,2026-03-24T05:48:21Z,https://www.youtube.com/watch?v=8Xx38px1B00
US attack on Iran,j_pdVNqYGX8,"Israel, US attack Iran: अमेरिकी ठिकानों पर ईरान की भीषण बमबारी !","News: ऑपरेशन ट्रू प्रॉमिस 4 ईरान ने कुवैत के 'अली अल सलेम', सऊदी अरब के ...",ABPLIVE,2026-03-24T05:40:36Z,https://www.youtube.com/watch?v=j_pdVNqYGX8
Iran US war,3Lqa-wqs0Xg,IRAN US War ईरान ने दिखा दी असली ताकत. US Ceasefire Iran - Iran News Today - IRAN Israel War,IRAN US War ईरान ने दिखा दी असली ताकत. US Ceasefire Iran - Iran News Today - IRAN Israel War america ...,IshfaqAW,2026-03-24T05:38:27Z,https://www.youtube.com/watch?v=3Lqa-wqs0Xg
Iran US conflict,1H0lZ62czlI,Iran US War | Donald Trump's Big Announcement | 08 AM News Headlines | 24 March 2026,SAMAAnews #IsraelIranWar #IranIsraelWar #IsraelAttackIran #IsraelAttacksIran #IranUnderAttack #IRANunderattack #Iran #Israel ...,SAMAA News Global,2026-03-24T05:35:33Z,https://www.youtube.com/watch?v=1H0lZ62czlI
Iran Israel US war,-3_Qvx-PE58,Iran Israel US War: रामबन के शिया समुदाय ने ईरान के लिए किया दान! |ABPLIVE,"रामबन, जम्मू-कश्मीर: रामबन के चंदरकोट इलाके के शिया समुदाय के लोगों ...",ABPLIVE,2026-03-24T05:35:00Z,https://www.youtube.com/watch?v=-3_Qvx-PE58
Iran US war,BmufIsjw1VI,ఇరాన్ భారీ దాడి షాక్ 😱 #shorts #shortsfeed #Iran #Israel #US #War #BreakingNews #MiddleEast,"ఇరాన్ ట్రూ ప్రామిస్ 4 ఆపరేషన్ ద్వారా ఇజ్రాయెల్, అమెరికా ...",Telugu Shorts Daily,2026-03-24T05:30:05Z,https://www.youtube.com/watch?v=BmufIsjw1VI
Iran missile strike US Middle East,h97Q1o6c94g,Middle East Tensions: Visuals Show Aftermath Of Iran's Missile Attack On Northern Israel #shorts,Middle East Tensions: Visuals Show Aftermath Of Iran's Missile Attack On Northern Israel #shorts #iranisraelconflict #missilestrike ...,MIRROR NOW,2026-03-24T05:25:26Z,https://www.youtube.com/watch?v=h97Q1o6c94g
US attack on Iran,gvkyrxF4W5U,America Missile Attack On Iran Army Base 🔴LIVE : ట్రంప్ U- TURN | Trump | Khamenei | Israel | RTV,America Missile Attack On Iran Army Base LIVE : ట్రంప్ U- TURN | Trump | Khamenei | Israel | RTV ▻For More News ...,RTV,2026-03-24T05:22:42Z,https://www.youtube.com/watch?v=gvkyrxF4W5U
US attack on Iran,tqtd6TImh1M,"Israel, US attack Iran: युद्धविराम के बीच भीषण हमले का वीडियो जारी! |ABPLIVE",News: तो युद्धविराम की बातचीत पर ट्रंप के दावों के बीच अमेरिकी सेना ने ...,ABPLIVE,2026-03-24T05:20:41Z,https://www.youtube.com/watch?v=tqtd6TImh1M
US attack on Iran,sfaaf_g2JGw,US and Israel Attack Iran - LIVE Breaking News Coverage & War Updates,The United States and Israel continue their attack on Iran today. Explosions are reported in Tehran and other locations in Iran.,Agenda-Free TV,2026-03-24T05:19:05Z,https://www.youtube.com/watch?v=sfaaf_g2JGw
Iran retaliation against US,hP-T3DLYzUo,"Trump On Iran War: “Hegseth Led Push”, Gulf Retaliation Caught US Off Guard | News9","As the Iran war enters its fourth week, US President Donald Trump has made a striking revelation about the origins of the conflict.",NEWS9 Live,2026-03-24T05:07:51Z,https://www.youtube.com/watch?v=hP-T3DLYzUo
Iran US war,odlgjhrxyAI,Iran-US War में असली गेम तेल का! दुनिया का No.1 Oil Country कौन? 😱#shorts,Iran-US War में असली गेम तेल का! दुनिया का No.1 Oil Country कौन? Iran-US War और Middle East ...,KRT NEWS 26,2026-03-24T05:02:45Z,https://www.youtube.com/watch?v=odlgjhrxyAI
Iran US strikes,hYtoXY8-WD4,U.S. & Israel Targets Identified! 🇮🇷 vs 🇺🇸 🇮🇱,Iran's Warning: U.S. & Israel Targets Identified! vs | Middle East Tension Update Description The situation in the ...,Manish Talk's,2026-03-24T04:44:58Z,https://www.youtube.com/watch?v=hYtoXY8-WD4
Iran US war,mTV9VkbaeSw,usa iran negotiations #warzone #conflict #war #peace #trump #crudeoil #missile #iranrejected talks,usa iran negotiations #warzone #conflict #war #peace #trump #crudeoil #missile #iranrejected talks iran usa war us iran war iran ...,ActionReaction😎,2026-03-24T04:36:59Z,https://www.youtube.com/watch?v=mTV9VkbaeSw
Iran missile strike US Middle East,gM7xNuV_gF0,क्या Benjamin Netanyahu दबाएंगे Nuclear Button? Iran vs Israel War Explained #worldwar3 #middleeast,क्या Benjamin Netanyahu दबाएंगे Nuclear Button? Iran vs Israel War Explained Welcome to Unfolded MD SIR ...,Unfolded MD SIR,2026-03-24T04:34:52Z,https://www.youtube.com/watch?v=gM7xNuV_gF0
Iran US strikes,dyaexBWZVT4,🚨 US Pauses Strikes on Iran…Iran Denies Talks | But Tehran Hit Again | War or Peace? #iranisraelwar,"PEACE TALKS… OR JUST A PAUSE? Donald Trump has announced a 5-day pause on strikes targeting Iran's energy sites, ...",Sampurn News Analysis (SNA),2026-03-24T04:26:30Z,https://www.youtube.com/watch?v=dyaexBWZVT4
US attack on Iran,XZiTUMu-55A,"Israel, US attack Iran: क्लस्टर बमों से ईरान ने इजरायल पर किया हमला ! |ABPLIVE",News: ईरान और इजरायल के बीच जारी जंग अब और खतरनाक मोड़ लेता दिख रहा है ...,ABPLIVE,2026-03-24T04:19:01Z,https://www.youtube.com/watch?v=XZiTUMu-55A
US attack on Iran,XgupytIP5WA,"Israel, US attack Iran: अमेरिका से अलग इजरायल का वॉर प्लान ! |ABPLIVE",News: एक तरफ ट्रंप कह रहे हैं की वो 5 दिन हमले नहीं करेंगे शांति और ...,ABPLIVE,2026-03-24T04:16:07Z,https://www.youtube.com/watch?v=XgupytIP5WA
US attack on Iran,c395KOalPk0,"Israel, US attack Iran: भारत का दुश्मन, ट्रंप का दोस्त मुनीर शांतिदूत कैसे हो गया? |ABPLIVE",News: अमेरिका-इजरायल और ईरान के बीच जारी जंग को रोकने के लिए कोशिशें ...,ABPLIVE,2026-03-24T04:15:06Z,https://www.youtube.com/watch?v=c395KOalPk0
US attack on Iran,DyohT5uoEy8,"Israel, US attack Iran: देर रात ईरान पर US-इजरायल का भीषण हमला ! |ABPLIVE",News: युद्ध के बीच एक बार फिर ईरान की राजधानी बम धमाकों से दहल उठी है ...,ABPLIVE,2026-03-24T04:12:52Z,https://www.youtube.com/watch?v=DyohT5uoEy8
Iran retaliation against US,ZhG09Lm4qTM,Why Iran's Threat to Retaliate Matters Now #IranThreatRetaliate,Iran's Threat to Retaliate Matters Now just raised the risk of a wider fight. Series: What This Means for America A short explainer ...,Knowledge Vibe English,2026-03-24T04:03:57Z,https://www.youtube.com/watch?v=ZhG09Lm4qTM
Iran US strikes,IYloey7Sdjw,"Iran-US-Israel CEASEFIRE ANNOUNCED: ""No Strikes Against Iran Power Plants For 5 Days"", Says Trump","Iran-US-Israel CEASEFIRE ANNOUNCED: ""No Strikes Against Iran Power Plants For 5 Days"", Says Trump #DonaldTrump ...",Zee 24 Kalak,2026-03-24T04:03:04Z,https://www.youtube.com/watch?v=IYloey7Sdjw
Iran retaliation against US,jpJFXSay3C4,Tump Attack on Iran Power Plants Delayed? #shorts,Reports suggest US attacks on Iranian power plants caused concern from allies about potential law of war violations. Allies fear ...,Jill Goldenziel,2026-03-24T04:01:30Z,https://www.youtube.com/watch?v=jpJFXSay3C4
US attack on Iran,zHM91KIGMpA,"Israel, US attack Iran: ट्रंप ने क्यों किया ईरान में 24 घंटे का युद्धविराम ! |ABPLIVE",News: युद्ध के पहले ही हफ्ते में डॉनल्ड ट्रंप ने ईरान की 90% मिसाइल ताकत ...,ABPLIVE,2026-03-24T04:00:07Z,https://www.youtube.com/watch?v=zHM91KIGMpA
Iran US conflict,2FbNOxG3jCQ,"Iran-US-Israel CEASEFIRE ANNOUNCED: ""No Strikes Against Iran Power Plants For 5 Days"", Says Trump","A sudden 5-day ceasefire has sparked intense debate across the globe, with many questioning whether former U.S. President ...",CNN-News18,2026-03-24T03:48:40Z,https://www.youtube.com/watch?v=2FbNOxG3jCQ
Iran US war,WfrvBo3t0RA,"#shorts | 85% तेल इंपोर्ट, भारत पर कितना असर? | Iran US War | Trump | Putin | Mojtaba | N18G","shorts | 85% तेल इंपोर्ट, भारत पर कितना असर? | Iran US War | Trump | Putin | Mojtaba | N18G ...",News18 Jammu Kashmir Ladakh Himachal,2026-03-24T03:30:33Z,https://www.youtube.com/watch?v=WfrvBo3t0RA
US attack on Iran,ga3EtAfdJVk,"Israel, US attack Iran: सीजफायर के बावजूद भी नहीं रुका ईरान! |ABPLIVE","News: महायुद्ध का आज 25वां दिन है, इस जंग में नया मोड़ ये आया है कि ...",ABPLIVE,2026-03-24T03:28:21Z,https://www.youtube.com/watch?v=ga3EtAfdJVk
Iran US strikes,nUzZUUkFqXA,"Israel-US strikes on Iran impact markets: oil surges, stocks fall. #Geopolitics #StockMarket","Israel and the US have launched attacks on Iran, marking a critical escalation in global tensions. This development is already ...",Alice,2026-03-24T03:25:47Z,https://www.youtube.com/watch?v=nUzZUUkFqXA
US attack on Iran,3BYVc6jqxRw,"Israel, US attack Iran: ईरान ने ट्रंप के दावे को खारिज किया ! |ABPLIVE",News: जंग रोकने के लिए अमेरिका और ईरान के बीच जारी बातचीत को लेकर ...,ABPLIVE,2026-03-24T03:19:42Z,https://www.youtube.com/watch?v=3BYVc6jqxRw
Iran US war,Z1JVux3DCRo,US IRAN NEGOTIATIONS! #iran#us#war#military#defencenews#defence#fighterjet#aircraft#news#shorts,,Raw Defence,2026-03-24T03:13:05Z,https://www.youtube.com/watch?v=Z1JVux3DCRo
Iran US strikes,kKpljAsrsXg,US-Iran War: Iran Fires Missiles Towards Northern Israel | US Strikes in Western Iraq Kill 7 | WION,US-Israel war with Iran: Latest developments: - Iran fires missiles towards northern Israel - Search for survivors after strikes in ...,WION,2026-03-24T03:10:29Z,https://www.youtube.com/watch?v=kKpljAsrsXg
US attack on Iran,Zku2sb0eHAQ,"Israel, US attack Iran: ट्रंप के महायुद्ध से ब्रेक लेते ही अमेरिका में धमाका! तेल रिफाइनरी उड़ी !",News: अमेरिका के Texas के Port Arthur में Valero Energy के refinery में 23 मार्च को शाम करीब ...,ABPLIVE,2026-03-24T03:00:17Z,https://www.youtube.com/watch?v=Zku2sb0eHAQ
Iran US strikes,BtOmUZAz4dM,‘Fake news’: Iran denies talks with US after Trump postpones strikes on power grid,"Iran denied on March 23 that it had engaged in negotiations with the United States, after President Donald Trump postponed a ...",The Straits Times,2026-03-24T02:55:14Z,https://www.youtube.com/watch?v=BtOmUZAz4dM
Iran US strikes,83vVbZy9fHg,U.S. holding off strikes against Iran for five days,"President Trump told reporters that Iran wants to make a deal, and claimed U.S. envoys have been holding talks with Iranian ...",KCENNews,2026-03-24T02:52:55Z,https://www.youtube.com/watch?v=83vVbZy9fHg
Iran US strikes,qKGa5x33qWw,"LIVE: Trump Delays Iran Strikes, Hails ""Strong"" Talks To End War | Vantage with Palki Sharma","In the fourth week of the escalating West Asia conflict, a tentative opening for de-escalation has emerged after Donald Trump ...",Firstpost,2026-03-24T02:48:40Z,https://www.youtube.com/watch?v=qKGa5x33qWw
US attack on Iran,Tbthts2KFNY,Iran War LIVE: Massive Explosions Rock Tehran; Night Sky Lights Up in Shocking Attack | Israel | US,"Breaking news: Multiple powerful explosions rock Tehran, with flashes lighting up the night sky as tensions in the Middle East ...",Hindustan Times,2026-03-24T02:43:36Z,https://www.youtube.com/watch?v=Tbthts2KFNY
Iran US war,ITG9_GaRbQk,Where Does India Stand In The Iran Israel US War Part 2 |Rajshamani | Khan Sir #explore #india #iran,Where Does India Stand In The Iran Israel US War Part 2 |Rajshamani | Khan Sir #explore #india #iran #trending #war ...,Kaalee,2026-03-24T02:33:58Z,https://www.youtube.com/watch?v=ITG9_GaRbQk
US attack on Iran,G-f1RF7b3OU,"अमेरिकेचे इराणवर क्षेपणास्त्र हल्ले, तणाव शिगेला | US Attack on Iran","अमेरिकेचे इराणवर क्षेपणास्त्र हल्ले, तणाव शिगेला | US Attack on Iran ...",Saam TV News,2026-03-24T02:24:17Z,https://www.youtube.com/watch?v=G-f1RF7b3OU
US attack on Iran,Rna50qUopeQ,"अमेरिकेचे इराणवर क्षेपणास्त्र हल्ले, तणाव शिगेला | US Attack on Iran","अमेरिकेचे इराणवर क्षेपणास्त्र हल्ले, तणाव शिगेला | US Attack on Iran ...",Saam TV News,2026-03-24T02:23:42Z,https://www.youtube.com/watch?v=Rna50qUopeQ
Iran US strikes,GTh4SzNqiXo,Trump on Iran Talks: Trump Reveals Iran Negotiations! | US Pauses Strikes on Iran | QRT News #shorts,Trump on Iran Talks: Trump Reveals Iran Negotiations! | US Pauses Strikes on Iran | QRT News #shorts Donald Trump revealed ...,QRT News,2026-03-24T02:15:03Z,https://www.youtube.com/watch?v=GTh4SzNqiXo
US attack on Iran,Uzu274hklFw,Trump’s 5-Day U-Turn on Iran War Explained | US Pauses Energy Strikes Amid “Talks | N18G,"In a dramatic and unexpected move, Donald Trump has announced a 5-day pause on attacks targeting Iran's energy infrastructure ...",CNN-News18,2026-03-24T02:07:35Z,https://www.youtube.com/watch?v=Uzu274hklFw
Iran retaliation against US,PQEkmE2wajM,"🟢Israel Iran War LIVE: Iran Retaliates To US, Israel Strikes As Tehran Launches Missiles, Drones","The Middle East has exploded into total war. Following the assassination of Ayatollah Ali Khamenei in ""Operation Epic Fury,"" Iran ...",News18 Urdu,2026-03-24T02:02:43Z,https://www.youtube.com/watch?v=PQEkmE2wajM
Iran missile strike US Middle East,_Go_7HrHAdc,Iran yuddh#Israel Iran conflict#America Israel Iran yudh#trending #viral #ankit #reels #viralvideo,"Your Queeries iran conflict update, israel iran tensions, us iran relations, middle east war news, iran military updates, israel ...",yadavOfficial7678,2026-03-24T01:59:09Z,https://www.youtube.com/watch?v=_Go_7HrHAdc
US attack on Iran,8HUOrZJgpYg,THE US CUOLD ATTACK IRAN'S POWER GRID. #news #shots,,NEWS 30TV,2026-03-24T01:45:24Z,https://www.youtube.com/watch?v=8HUOrZJgpYg
Iran US war,Kr7TvlnaNQ4,Iran-US War Nearing Its End? Trump Signals Possible De-Escalation With Pause In Hostilities #usa,Iran-US War Nearing Its End? Trump Signals Possible De-Escalation With Pause In Hostilities | What We Know So Far Trending ...,News Hub,2026-03-24T01:34:09Z,https://www.youtube.com/watch?v=Kr7TvlnaNQ4
Iran US conflict,GT_GmGm9joo,Iran Israel War Live: Israel Iran Conflict | US Iran War | Iran Israel US Tensions | World News Live,Iran Israel War Live: Israel Iran Conflict | ईरान-इजरायल युद्ध पर सबसे बड़ी खबर | US Iran War | Iran ...,Times Now Navbharat,2026-03-24T01:30:32Z,https://www.youtube.com/watch?v=GT_GmGm9joo
Iran US strikes,913VLTK-b3U,Trump Halts Power Plant Strikes – Iran’s 5‑Day Ultimatum,In this video we break down the latest escalation in the US–Iran war as President Donald Trump announces he is pausing ...,The QuillPoint,2026-03-24T01:30:10Z,https://www.youtube.com/watch?v=913VLTK-b3U
Iran US war,giz-2x3WYMM,"US-Iran War LIVE: Iran’s Natanz Nuclear Site Hit Again, Reportedly Bunker Busters Used In Strike","US-Iran War LIVE: Iran's Natanz Nuclear Site Hit Again, Reportedly Bunker Busters Used In Strike The UN atomic watchdog on ...",WION,2026-03-24T01:26:34Z,https://www.youtube.com/watch?v=giz-2x3WYMM
Iran US strikes,rTHyytoWA1U,TRUMP LIVE: US Strike on Iran Today? | Will US Launch Strike After 48-Hour Deadline? | Iran Vs USA,TRUMP LIVE: US Strike on Iran Today? | Will US Launch Strike After 48-Hour Deadline? | Iran Vs USA LIVE: US Strike on Iran ...,MIRROR NOW,2026-03-24T01:26:02Z,https://www.youtube.com/watch?v=rTHyytoWA1U
Iran US strikes,urUnHrdOFUU,The U.S. launches extensive strikes on Iranian military targets as tensions escalate!,"IranWar #BreakingNews #Military In a dramatic escalation of the ongoing conflict, U.S. Central Command has reported extensive ...",Navigate Your Ship,2026-03-24T01:12:10Z,https://www.youtube.com/watch?v=urUnHrdOFUU
Iran US conflict,lmk9SQ2Xk1U,Live: Big News Debate With Murthy | Iran US War | Trump || TV5 News,Live: Big News Debate With Murthy | Iran US War | Trump || TV5 News #tv5live #live #tv5murthy #bignews #iranwar #iranisraelwar ...,TV5 News,2026-03-24T01:06:05Z,https://www.youtube.com/watch?v=lmk9SQ2Xk1U
Iran US conflict,K1e6ECnhCkY,🔴Unexpected News From Iran | Iran US Conflict,Unexpected News From Iran | Iran US Conflict Subscribe Haqeeqat Ki Dunya: / haqeeqatkidunya1 https://www.youtube.com/ ...,Haqeeqat Ki Duniya Dr. Ali,2026-03-24T01:00:17Z,https://www.youtube.com/watch?v=K1e6ECnhCkY
Iran US war,UD3idchhvUk,US-Iran War LIVE: Big Update In War As Trump Hints At Iran De-escalation 12 Hours Before Deadline,"U.S. President Donald Trump has hinted at possible de-escalation in the ongoing Iran-US conflict, saying both sides had “very ...",CNN-News18,2026-03-24T01:00:14Z,https://www.youtube.com/watch?v=UD3idchhvUk
Iran US war,3sDNB2NYnxc,Iran Attack on US-Israel War LIVE: 25वें दिन युद्ध पर बड़ी खबर Trump | Big Breaking | Missile Attack,Iran Attack on US-Israel War LIVE: 25वें दिन युद्ध पर बड़ी खबर Trump | Big Breaking | Missile Attack ...,ABP NEWS,2026-03-24T00:52:27Z,https://www.youtube.com/watch?v=3sDNB2NYnxc
Iran US strikes,Ml9Cvkjtz60,Iran US War | Iran Retaliatory strikes | 04 AM News Headlines | 24 March 2026| SAMAA TV,SAMAAnews #IsraelIranWar #IranIsraelWar #IsraelAttackIran #IsraelAttacksIran #IranUnderAttack #IRANunderattack #Iran #Israel ...,SAMAA News Global,2026-03-24T00:47:51Z,https://www.youtube.com/watch?v=Ml9Cvkjtz60
Iran US war,RAPOgphFz5U,Iran US War Update: मिडिल ईस्ट युद्ध के 24वें दिन भी भीषण लड़ाई.,Iran US War Update: मिडिल ईस्ट युद्ध के 24वें दिन भी भीषण लड़ाई. #middleeastwar ...,India Daily Live,2026-03-24T00:45:04Z,https://www.youtube.com/watch?v=RAPOgphFz5U
Iran US war,4SuDfn6YVIw,"ईरान-अमेरिका जंग, 24 मार्च 2026 LIVE | Iran US Israel War News | Trump Vs Mojtaba Khamenei","ईरान-अमेरिका जंग, 24 मार्च 2026 LIVE | Iran US Israel War News | Trump Vs Mojtaba Khamenei ...",ABP NEWS,2026-03-24T00:41:50Z,https://www.youtube.com/watch?v=4SuDfn6YVIw
Iran missile strike US Middle East,4eP80Qt84c0,"हार गए ट्रंप जीत गया ईरान,फिर भी ट्रम्प ये क्या दे रहे बयान#shortsfeed #shortsbeta #ytshorts #viral","हार गए ट्रंप जीत गया ईरान,फिर भी ट्रम्प ये क्या दे रहे बयान#shortsfeed ...",NEWS4VIEWS,2026-03-24T00:26:46Z,https://www.youtube.com/watch?v=4eP80Qt84c0
Iran missile strike US Middle East,orCZS-XSCrY,Did Irani missiles hit British island?,"Did Irani missiles hit island having military base near UK? In this video, we examine the claims and reality behind reports of a ...",Faisal Ghumman VLOGs,2026-03-23T23:51:22Z,https://www.youtube.com/watch?v=orCZS-XSCrY
Iran US strikes,Gi81ZhluRvM,Iran Nuclear Plant Attack Fails! US & Israel Strikes Backfired #Iran #NuclearAlert #MiddleEastCrisis,"Title: ""Iran Nuclear Plant Attack Fails! US & Israel Strikes Backfired #IranStrong #NuclearAlert #MiddleEastCrisis"" ""Breaking News: ...",Truth News Daily Official,2026-03-23T23:32:24Z,https://www.youtube.com/watch?v=Gi81ZhluRvM
Iran missile strike US Middle East,4qC1FaxAt7s,মিসাইল হামলায় কেঁপে উঠলো সৌদি #saudiarabia #iran #israel #shorts,মিসাইল হামলায় কেঁপে উঠলো সৌদি #saudiarabia #iran #israel #shorts #middleeasttensions #Iran ...,সময়ের চোখ,2026-03-23T22:12:29Z,https://www.youtube.com/watch?v=4qC1FaxAt7s
Iran retaliation against US,2mWj7NylPHQ,Trump Delays Iran Strike After 48-Hour Hormuz Ultimatum | Global Tensions Explained,Trump Delays Iran Strike After 48-Hour Hormuz Ultimatum | Global Tensions Explained Trump recently gave Iran a 48-hour ...,Noor & Knowledge,2026-03-23T22:11:26Z,https://www.youtube.com/watch?v=2mWj7NylPHQ
Iran US strikes,5HOMuCJH6G0,Trump Says Hegseth Was First One to Back US Strikes on Iran,Donald Trump's decision to back down from his threat to destroy Iran's power infrastructure came after US allies and Gulf countries ...,Bloomberg News,2026-03-23T22:00:06Z,https://www.youtube.com/watch?v=5HOMuCJH6G0
US attack on Iran,SWjVL-VGLZo,US Continues Strikes Against Iran as Trump Pauses Attacks on Energy Targets,The US is continuing to “aggressively” strike Iran after President Trump imposed a five-day pause on attacks against Tehran's ...,New York Post,2026-03-23T21:27:05Z,https://www.youtube.com/watch?v=SWjVL-VGLZo
Iran missile strike US Middle East,SCe-9TOy3F4,BREAKING: U.S. Halts DEVASTATING Military Strike On Iran; IDF Bombs HAMMER Tehran | TBN Israel,Day 23 of Operation Roaring Lion / Epic Fury — The U.S. issues a 48-hour ultimatum to Iran: open the Strait of Hormuz or face ...,TBN Israel,2026-03-23T21:00:06Z,https://www.youtube.com/watch?v=SCe-9TOy3F4
US attack on Iran,zeCEQLmigsY,LIVE: Israel and US Attack Iran - Non-Stop Multi-Cam Stream,"LIVE: Israel and US Attack Iran - Non-Stop Multi-Cam Stream LIVE COVERAGE: We are providing a non-stop, multi-camera live ...",Sokak Kedisi,2026-03-23T20:48:56Z,https://www.youtube.com/watch?v=zeCEQLmigsY
Iran US strikes,8EXSo1MOfoE,Iran's naval defenses are collapsing under unprecedented US strikes! | Iran War 2026,IranWar #BreakingNews #Military Iran's layered naval defense has just collapsed as the US launches Operation Epic Fury.,Navigate Your Ship,2026-03-23T20:43:42Z,https://www.youtube.com/watch?v=8EXSo1MOfoE
Iran US strikes,RSMn2d7dD0w,US Postpones Iran Strikes: War Department Orders Halt #shorts,Planned strikes against major Iranian energy and electricity targets have been postponed. The US directs the Department of War ...,NowScope,2026-03-23T20:11:29Z,https://www.youtube.com/watch?v=RSMn2d7dD0w
Iran US strikes,jKXblpoL1Ow,"Iran US Ceasefire News | Trump Says US-Iran Talks ‘Productive', Announces Pause On Strikes","Donald Trump has said that the United States has held “very strong” and “productive” talks with Iran, raising hopes of a possible ...",NDTV World,2026-03-23T20:00:06Z,https://www.youtube.com/watch?v=jKXblpoL1Ow
Iran US war,KCuxmIpWt7M,Iran-US War Pause LIVE News | No Strikes on Iran for 5 Days: Trump | Iran Statement On Trump | N18G,Iran-US War Pause LIVE News | No Strikes on Iran for 5 Days: Trump | US-Israel War On Iran | N18G Donald Trump has ...,CNBC-TV18,2026-03-23T19:53:53Z,https://www.youtube.com/watch?v=KCuxmIpWt7M
Iran US strikes,ypEL8rsPss4,"President Trump says US delays planned strikes on Iran energy targets, hopes for wider agreement",US President Donald Trump has ordered a temporary pause on planned U.S. strikes targeting Iran's major energy and electricity ...,ANI News,2026-03-23T19:38:07Z,https://www.youtube.com/watch?v=ypEL8rsPss4
Iran retaliation against US,cgudSVnBT98,"🟢Israel Iran War LIVE: Iran Retaliates To US, Israel Strikes As Tehran Launches Missiles, Drones","The Middle East has exploded into total war. Following the assassination of Ayatollah Ali Khamenei in ""Operation Epic Fury,"" Iran ...",News18 Urdu,2026-03-23T19:26:02Z,https://www.youtube.com/watch?v=cgudSVnBT98
Iran US war,0Wrga3N-3uw,US Iran War Latest News | Iran War | Donald Trump News | Iran Israel War | Trump Tweet,"Trump ""Backs Down""? Iran Claims Victory, Denies Talks Amid 5-Day Strike Pause Description: Iran has reacted sharply to Donald ...",NDTV,2026-03-23T19:19:46Z,https://www.youtube.com/watch?v=0Wrga3N-3uw
Iran US war,JCd0Sga_YuI,Iran-US War LIVE: 4500 US Troops Enter West Asia Ahead Of Possible Strait Of Hormuz Clash | War LIVE,LIVE updates on the escalating Iran-US war as American troops and military assets move into West Asia amid rising tensions ...,Hindustan Times,2026-03-23T19:02:28Z,https://www.youtube.com/watch?v=JCd0Sga_YuI
Iran retaliation against US,rjNDX-tfeFg,Iran Just Crossed UNFORGIVABLE Line… U.S. Retaliation Was INSTANT and MERCILESS,"Iran escalates the conflict after failing to stop Operation Epic Fury, launching ballistic missiles and drones at critical energy ...",The Military Show,2026-03-23T19:00:50Z,https://www.youtube.com/watch?v=rjNDX-tfeFg
Iran US strikes,SyUgTzwViP8,Trump's Operation Epic Fury: US Strikes Iran's Nuclear & Missile Sites | 2026 Geopolitics,Trump's Operation Epic Fury: US Strikes Iran's Nuclear & Missile Sites | 2026 Geopolitics Description: The US and Israel launched ...,HotTake Insight,2026-03-23T18:59:21Z,https://www.youtube.com/watch?v=SyUgTzwViP8
Iran US strikes,dEsJD5B4uRw,"Iran US Ceasefire | Trump ""Blinks""? 5-Day Pause on Iran Strikes Raises Questions on US Climbdown",Has Donald Trump signalled his first major climbdown in the ongoing conflict with Iran? With barely hours left on his own deadline ...,NDTV World,2026-03-23T18:43:51Z,https://www.youtube.com/watch?v=dEsJD5B4uRw
Iran US strikes,htMmx61OyxI,US Strikes Iran Nuclear Sites | Will Iran Retaliate Tonight? #aviationshorts,Decode60: Real global stories in 60 seconds ⏱️ Tensions are rising after reports of US strikes on key Iranian nuclear sites like ...,TheDecode60,2026-03-23T18:35:10Z,https://www.youtube.com/watch?v=htMmx61OyxI
Iran US war,R70PTOW_bVY,"RAW: Trump shares update on Iran war efforts, says US is pausing strikes on key power plants",President Donald Trump shared updates on the United States' efforts in the Iran War during a roundtable Monday at the White ...,13WHAM ABC News,2026-03-23T18:31:06Z,https://www.youtube.com/watch?v=R70PTOW_bVY
Iran US war,vjGMRMX4Gek,Iran US War: NATO देश क्यों नहीं कर रहे America की मदद? । #iran #israel #america #nato #iranvsisrael,Iran US War: NATO देश क्यों नहीं कर रहे America की मदद? US-Israel-Iran War Updates: ...,Times Now Navbharat,2026-03-23T18:27:00Z,https://www.youtube.com/watch?v=vjGMRMX4Gek
Iran US conflict,LxDQeBJqQ7E,Iran vs US War Update: जल्द शांति से समाधान का रास्ता खोज निकालेंगे-ट्रंप | India TV | Speed News,Iran vs US War Update: जल्द शांति से समाधान का रास्ता खोज निकालेंगे-ट्रंप | India ...,India TV Speed News,2026-03-23T18:26:21Z,https://www.youtube.com/watch?v=LxDQeBJqQ7E
Iran US war,h8SP4veYoUw,Iran US War: Ali Larijani को लेकर ये क्या बोल गए Saeed Naqvi? । #iran #israel #america #alilarijani,Iran US War: Ali Larijani को लेकर ये क्या बोल गए Saeed Naqvi? US-Israel-Iran War Updates: ...,Times Now Navbharat,2026-03-23T18:25:00Z,https://www.youtube.com/watch?v=h8SP4veYoUw
Iran US war,ZUngcIN8GaI,Iran US War: Israel की जीत को लेकर वरिष्ठ पत्रकार Saeed Naqvi ने क्या कहा? । #iran #israel #america,Iran US War: Israel की जीत को लेकर Saeed Naqvi ने क्या कहा? US-Israel-Iran War Updates: ...,Times Now Navbharat,2026-03-23T18:13:56Z,https://www.youtube.com/watch?v=ZUngcIN8GaI
Iran missile strike US Middle East,RKA6Yk8dxIU,US-Iran War| Trump Postpones Strikes on Iran's Power Plants | Trump stop war | Israel attack Iran,US-Iran War| Trump Postpones Strikes on Iran's Power Plants | Trump stop war | Israel attack Iran Donald trump Trump Iran deal ...,Savi Study,2026-03-23T18:12:08Z,https://www.youtube.com/watch?v=RKA6Yk8dxIU
Iran US war,Wf_AedOtBp4,US-Iran War LIVE: Big Update In War As Trump Hints At Iran De-escalation 12 Hours Before Deadline,"U.S. President Donald Trump has hinted at possible de-escalation in the ongoing Iran-US conflict, saying both sides had “very ...",Times Now,2026-03-23T18:02:26Z,https://www.youtube.com/watch?v=Wf_AedOtBp4
Iran US war,CNq9Nj8J0O0,Trump's options: how could the Iran war end? | The Global Story,"Donald Trump says the United States and Iran have held talks on the ""complete and total resolution of hostilities"" in the Middle ...",BBC News,2026-03-23T18:00:20Z,https://www.youtube.com/watch?v=CNq9Nj8J0O0
Iran missile strike US Middle East,Owo5iUj9UFQ,"US-Iran War: IRGC Unleashes Super-Heavy Multi-Warhead Missiles, Middle East On Edge | Originals",The Islamic Revolution Guards Corps (IRGC) announces execution of the 66th wave of its ongoing retaliatory Operation True ...,WION,2026-03-23T17:30:07Z,https://www.youtube.com/watch?v=Owo5iUj9UFQ
Iran retaliation against US,gfXM89WBSuM,"Trump Extends Iran Deadline Amidst 'Productive' Talks, Averting Immediate Escalation #fastnews #war","Trump Extends Iran Deadline Amidst 'Productive' Talks, Averting Immediate Escalation • President Donald Trump has extended ...",Fast Flashes,2026-03-23T17:19:04Z,https://www.youtube.com/watch?v=gfXM89WBSuM
Iran retaliation against US,li5nDtbvFnc,Decode: America रुक गया! क्या Israel मानेगा? | Sudhir Chaudhary | US Iran War | 5 Day Ceasefire,"In West Asia, the Iran–Israel–United States conflict enters Day 24, with Middle East tensions, missile strikes, drone attacks, ...",DD News,2026-03-23T16:24:20Z,https://www.youtube.com/watch?v=li5nDtbvFnc
Iran missile strike US Middle East,2Db9lyHKuYY,Iran yuddh#Israel Iran conflict#America Israel Iran yudh#trending #viral #trendingshorts #viralvideo,"Your Queeries iran conflict update, israel iran tensions, us iran relations, middle east war news, iran military updates, israel ...",yadavOfficial7678,2026-03-23T16:07:14Z,https://www.youtube.com/watch?v=2Db9lyHKuYY
Iran missile strike US Middle East,bCzqMwoti4M,Iran Missile Attack on Dimona Nuclear Site | Iron Dome Failed? Middle East War Update,Iran ne Israel ke Dimona area par missile attack kiya jahan par Israel ka major nuclear research center located hai. Is strike ne ...,New Satya,2026-03-23T15:18:45Z,https://www.youtube.com/watch?v=bCzqMwoti4M
Iran missile strike US Middle East,G1INHEd6tZY,Missile attack captured live on camera #israel #lebanon #Iran #conflict #war #middleeast #uae #usa,Missile attack captured live on camera #israel #lebanon #Iran #conflict #war #middleeast #uae #usa.,Rajdeep Baloda,2026-03-23T14:39:39Z,https://www.youtube.com/watch?v=G1INHEd6tZY
Iran missile strike US Middle East,Y6Ho5KoSPss,Iran Targets Diego Garcia! Missiles Reach 4000km – Is London Next? | Failed Strike Shakes West!,Iran reportedly launched two long-range ballistic missiles at the secretive US-UK military base on Diego Garcia in the Indian ...,Alpha Bite Bangla,2026-03-23T14:39:14Z,https://www.youtube.com/watch?v=Y6Ho5KoSPss
Iran retaliation against US,UDW9SfI9D2w,"US postpones strikes on Iran's power plants, Iranians call for retaliation","US President Donald Trump said on March 23 that his administration has had ""good and productive conversations"" with Iran and ...",The Star,2026-03-23T14:35:02Z,https://www.youtube.com/watch?v=UDW9SfI9D2w
Iran missile strike US Middle East,D2qKUYQ9crg,Iran Strike Shocks America #shorts,Iran Strike Shocks America #shorts #Iran #USA #Trump #Geopolitics #WorldNews #BreakingNews #MissileStrike #GlobalTension ...,Cognitive Coverage,2026-03-23T14:25:00Z,https://www.youtube.com/watch?v=D2qKUYQ9crg
Iran retaliation against US,OiNqjhsPl_c,"US Iran War: Trump की Hormuz धमकी पर IRGC प्रवक्ता का करारा जवाब, सीधा America पर दागेंगे मिसाइल",ईरान की इस्लामिक रिवोल्यूशनरी गार्ड कॉर्प्स (IRGC) ने अमेरिकी ...,Oneindia Hindi | वनइंडिया हिंदी,2026-03-23T14:15:06Z,https://www.youtube.com/watch?v=OiNqjhsPl_c
Iran missile strike US Middle East,Y2i2-qUamrk,Iran vs America #shorts #viral #war #breakingnews #hormuzcrisis #crisis #news #iranwar #warnews,Iran vs America #shorts #viral #war #breakingnews #hormuzcrisis #crisis #news #iranwar #warnews Iran vs America Iran vs Israel ...,FusionHub,2026-03-23T14:13:11Z,https://www.youtube.com/watch?v=Y2i2-qUamrk
Iran retaliation against US,ilNKVEDg_p4,"🟢Israel Iran War LIVE: Iran Retaliates To US, Israel Strikes As Tehran Launches Missiles, Drones","The Middle East has exploded into total war. Following the assassination of Ayatollah Ali Khamenei in ""Operation Epic Fury,"" Iran ...",News18 Urdu,2026-03-23T14:12:21Z,https://www.youtube.com/watch?v=ilNKVEDg_p4
Iran retaliation against US,tU_hmoa_Jbs,Iran Retaliates Across Middle East | Strait of Hormuz at Risk 😡,"Iran expands retaliation across Arab states after US-Israel actions. Military bases on alert, rising tensions, and the Strait of Hormuz ...",The Public Court,2026-03-23T14:01:28Z,https://www.youtube.com/watch?v=tU_hmoa_Jbs
Iran missile strike US Middle East,SKwY737CDos,American fighter jet damage by Iran 🤯 || iran vs America || gk ek nayi soch || #iranvsamerica,American fighter jet damage by Iran || iran vs America || gk ek nayi soch || #iranvsamerica 🛩️ F-35 Damage by Iran – During ...,Gk ek nayi soch,2026-03-23T14:00:47Z,https://www.youtube.com/watch?v=SKwY737CDos
Iran missile strike US Middle East,mClnIMyoj8E,IRGC Strikes! 75th Missile Wave Hits US Bases #Shorts #Iran #BreakingNews #War2026,IRGC Strikes! 75th Missile Wave Hits US Bases #Shorts #Iran #BreakingNews #War2026. Iran's Revolutionary Guards (IRGC) ...,Morning Press,2026-03-23T13:45:06Z,https://www.youtube.com/watch?v=mClnIMyoj8E
Tehran Washington conflict,Y4jFhTOzCl4,Трамп отложил ультиматум. #pardezoom #Trump #ultimatum #Iran,"Трамп неожиданно отложил ультиматум на пять дней, заявив о «очень хороших и продуктивных» переговорах с Ираном.",PARDEZ,2026-03-23T13:34:16Z,https://www.youtube.com/watch?v=Y4jFhTOzCl4
Iran retaliation against US,wm02D9_Fuu0,If US Takes Territory Iran Will Strike Gulf Assets in Retaliation,A grim scenario painted in detail: any US territorial gains would prompt Iran to target assets across the Persian Gulf and activate ...,Trimmed News,2026-03-23T13:31:09Z,https://www.youtube.com/watch?v=wm02D9_Fuu0
Iran missile strike US Middle East,cO0PNCCOa6E,Iran Israel USA Latest News Today | 12 Hour Updates Middle East War | Trump Crisis Analysis #iranwar,"Iran, Israel, and USA ke darmiyan taaza tareen developments ne global situation ko ek nayi direction de di hai. Is video mein aap ...",Farrukh Cheema,2026-03-23T13:15:11Z,https://www.youtube.com/watch?v=cO0PNCCOa6E
Iran missile strike US Middle East,LLpl2k6zQV8,Iran Launches Fresh Missile Strike on Israel | Middle East Tensions Escalate | Trump Reacts,Iran Launches Fresh Missile Strike on Israel | Middle East Tensions Escalate | Trump Reacts ⚠️ #BreakingNews #Shorts Middle ...,RT NEWS,2026-03-23T13:02:29Z,https://www.youtube.com/watch?v=LLpl2k6zQV8
Iran retaliation against US,qKZUi4lp6hA,WATCH: Iran threatens to retaliate against Gulf energy and water after Trump ultimatum | ANC,Iran said on Sunday it would strike the energy and water systems of its Gulf neighbours in retaliation if U.S. President Donald ...,ANC 24/7,2026-03-23T13:01:29Z,https://www.youtube.com/watch?v=qKZUi4lp6hA
Iran retaliation against US,j2rbk7qFU78,"BREAKING: Trump FREEZES Iran Attack, 5-Day CEASEFIRE Stuns Middle-East","US President Donald Trump has announced that the United States has held “very good and productive” talks with Iran, leading to ...",midday india,2026-03-23T13:00:22Z,https://www.youtube.com/watch?v=j2rbk7qFU78
Iran missile strike US Middle East,9JmUOfeqZx8,"US-Iran War LIVE: IRGC Unleashes ‘Super-Heavy Multi-Warhead’ Missiles, Middle East On Edge | WION","US-Iran War LIVE: IRGC Unleashes 'Super-Heavy Multi-Warhead' Missiles, Middle East On Edge | WION The Islamic Revolution ...",WION,2026-03-23T12:14:07Z,https://www.youtube.com/watch?v=9JmUOfeqZx8
Iran retaliation against US,5sTFEOue1KY,Iran warns of retaliation as U.S. sets Strait of Hormuz deadline,Iran threatens retaliation if U.S. strikes power plants. NATO allies move to secure Strait of Hormuz as poll shows concern over war.,CBS19,2026-03-23T10:54:15Z,https://www.youtube.com/watch?v=5sTFEOue1KY
Iran retaliation against US,NH1LfpFpPBo,Trump’s 48-Hour Ultimatum to Iran | Strait of Hormuz Crisis Escalates | One Voice,Trump's 48-Hour Ultimatum to Iran | Strait of Hormuz Crisis Escalates. U.S. President Donald Trump has issued a dramatic ...,One Voice,2026-03-23T10:11:57Z,https://www.youtube.com/watch?v=NH1LfpFpPBo
Tehran Washington conflict,e4qvIXG1bR4,#diegogarcia #iranwar #usmilitary #ukmilitary #indianocean #ballisticmissile #middleeastcrisis,diegogarcia #iranwar #usmilitary #ukmilitary #indianocean #ballisticmissile #middleeastcrisis #israeliranwar #usiranconflict ...,Topics Corner Telugu,2026-03-23T09:01:01Z,https://www.youtube.com/watch?v=e4qvIXG1bR4
Iran retaliation against US,WecsJoJ3VVU,Israel-Iran War LIVE | Biggest Attack On Tehran Yet | US Forces In Iran? | US-Iran War LIVE | Trump,Israel-Iran War LIVE | Stay updated on the latest developments in the ongoing Iran conflict as tensions continue to escalate in ...,Hindustan Times,2026-03-23T08:41:04Z,https://www.youtube.com/watch?v=WecsJoJ3VVU
Iran missile strike US Middle East,fvjEfbT0ZzM,Operation True Promise 4: Iran Attacks Israel’s Dimona Nuclear City | Ben Gurion & US Bases Targeted,Operation True Promise 4: Iran Attacks Israel's Dimona Nuclear City 200 Injured | Ben Gurion & US Bases Targeted Iran has ...,Hindi Agent,2026-03-23T08:26:43Z,https://www.youtube.com/watch?v=fvjEfbT0ZzM
Iran retaliation against US,q04Ls_EQUXU,"Iran Warns of Retaliation, Threatens Israeli and US-Linked Power Plants",Iran has warned it will retaliate against any attack on its electricity sector by targeting power plants in Israel and facilities supplying ...,No Noise News,2026-03-23T06:14:53Z,https://www.youtube.com/watch?v=q04Ls_EQUXU
Iran retaliation against US,CROL3I3UtFs,"Iran Mock's Trump’s Deadline: ""Trump, You’re Fired!"" | IRGC Retaliation Plan Exposed | News18","As #Trump's deadline nears, IRGC(Islamic Revolutionary Guard Corps) vows retaliation against perceived threat #Iran #Tehran ...",CNN-News18,2026-03-23T06:02:36Z,https://www.youtube.com/watch?v=CROL3I3UtFs
Iran retaliation against US,_JdgDojz2E0,Multiple Explosions Jolt Tehran; Iran Vows 'Broader Retaliation' If US Targets Power Plants,"Tehran jolted by loud blasts after Iran strikes Israel's Dimona and Arad. Iran warns of ""broader retaliation"" targeting US bases, ...",Times Now,2026-03-23T05:49:48Z,https://www.youtube.com/watch?v=_JdgDojz2E0
Iran retaliation against US,PqjzlPH84x0,Căng rồi Iran phát tín hiệu cứng đầu trả đũa Mỹ Israel Trung Đông,,TNTV2,2026-03-23T05:23:24Z,https://www.youtube.com/watch?v=PqjzlPH84x0
Iran retaliation against US,fykORxwYxwk,"🟢Israel Iran War LIVE: Iran Retaliates To US, Israel Strikes As Tehran Launches Missiles, Drones","The Middle East has exploded into total war. Following the assassination of Ayatollah Ali Khamenei in ""Operation Epic Fury,"" Iran ...",News18 Urdu,2026-03-23T05:06:52Z,https://www.youtube.com/watch?v=fykORxwYxwk
Iran retaliation against US,NNqPsyOgimU,اسرائیل تازہ ترین: پاور پلانٹ تباہ | Iran Israel USA Updates | ईरान-इज़राइल-अमेरिका 12 घंटे अपडेट,ایران نے اسرائیل کے پاور پلانٹ پر بھرپور حملہ کیا، جس سے شدید نقصان ہوا اور خطے میں کشیدگی بڑھ گئی۔ پیغام واضح: جارحیت ...,Farrukh Cheema,2026-03-23T05:00:31Z,https://www.youtube.com/watch?v=NNqPsyOgimU
Iran retaliation against US,C0cUmDBdflw,"US Iran War | Iran Threatens Retaliation Against US, Israel Over Infrastructure Strikes","Iran has issued a strong warning to the United States and Israel, saying any attack on its energy infrastructure will trigger ...",NDTV World,2026-03-23T01:45:06Z,https://www.youtube.com/watch?v=C0cUmDBdflw
Iran retaliation against US,oLatoI8XHvQ,"US Iran War | Iran Threatens Retaliation Against US, Israel Over Infrastructure Strikes","Iran has issued a strong warning to the United States and Israel, saying any attack on its energy infrastructure will trigger ...",NDTV,2026-03-23T01:25:56Z,https://www.youtube.com/watch?v=oLatoI8XHvQ
Iran retaliation against US,hYT6p3l83GU,Iran war: Trump says Strait of Hormuz must open or U.S. will bomb power plants | FOX 10 Phoenix,"President Trump has issued an ultimatum to Iran, sparking an immediate response of retaliation. He demands they open the Strait ...",FOX 10 Phoenix,2026-03-23T01:15:03Z,https://www.youtube.com/watch?v=hYT6p3l83GU
Tehran Washington conflict,Onfl-GhcLes,Iran Challenges Trump: Send Your Warships to the Persian Gulf If We’re Defeated,Iran Challenges Trump: Send Your Warships to the Persian Gulf If We're Defeated Iran has issued a bold challenge to Donald ...,Hidden Earth,2026-03-21T16:30:10Z,https://www.youtube.com/watch?v=Onfl-GhcLes
Tehran Washington conflict,dvHaD7ITISw,#f35 #f35lightningii #iranwar #usiranconflict #middleeastcrisis #israeliranwar#geopolitics#worldnews,f35 #f35lightningii #iranwar #usiranconflict #middleeastcrisis #israeliranwar #geopolitics #worldnews #nationalsecurity ...,Topics Corner Telugu,2026-03-21T08:00:38Z,https://www.youtube.com/watch?v=dvHaD7ITISw
Tehran Washington conflict,72D9T8xclno,"AS Dianggap Hilang Kendali, Menlu Oman Desak Sekutu Washington Hentikan Perang Iran",Menteri Luar Negeri Oman Badr Albusaidi menyerukan kepada para sekutu Amerika Serikat (AS) untuk segera turun tangan ...,Tribun Jateng,2026-03-20T05:38:10Z,https://www.youtube.com/watch?v=72D9T8xclno
Tehran Washington conflict,39sl1iGHs1w,Trump Advisers Regret Iran War Admit They Underestimated Tehran,Trump Advisers Regret Iran War Admit They Underestimated Tehran Some advisers close to Donald Trump are reportedly ...,Hidden Earth,2026-03-19T16:30:05Z,https://www.youtube.com/watch?v=39sl1iGHs1w
Tehran Washington conflict,rC8tl0mwTvs,Iran Vows Long War and Revenge Against US–Israel as Conflict Escalates,Iran Vows Long War and Revenge Against US–Israel as Conflict Escalates Iran has declared it is ready for a prolonged war and ...,Hidden Earth,2026-03-19T14:01:27Z,https://www.youtube.com/watch?v=rC8tl0mwTvs
Tehran Washington conflict,86sp6R8WyBo,Iran Pulls Out Rulebook: Tehran Checkmates Washington Over Maritime Security Dispute At IMO | Watch,"A sharp diplomatic clash unfolded at the International Maritime Organization in London, as the U.S. and Iran traded accusations ...",Hindustan Times,2026-03-18T22:30:02Z,https://www.youtube.com/watch?v=86sp6R8WyBo
Tehran Washington conflict,Tg3wG0dFsrs,Trump Claims Iran’s Kharg Oil Export Hub “Totally Destroyed” — But Reports Dispute It,Trump Claims Iran's Kharg Oil Export Hub “Totally Destroyed” — But Reports Dispute It Donald Trump has claimed that U.S. ...,Hidden Earth,2026-03-18T14:00:46Z,https://www.youtube.com/watch?v=Tg3wG0dFsrs
Tehran Washington conflict,qQzKQTTZ-iU,"RUSSIA SAYS THE US AND ISRAEL HAVE FAILED TO CHANGE IRAN'S REGIME. ""WASHINGTON HAS NO EXIT STRATEGY""","The Kremlin has issued a sharp critique of Operation Epic Fury, with President Putin claiming that despite weeks of heavy ...",U.S.,2026-03-18T11:01:29Z,https://www.youtube.com/watch?v=qQzKQTTZ-iU
Tehran Washington conflict,cwbrLL0vrh8,Direct contact between the US and Iran: an attempt at de escalation?,"Direct contact between the US and Iran: an attempt at de-escalation? Amid the large-scale military conflict, reports have emerged ...",The Clarity News,2026-03-17T19:00:38Z,https://www.youtube.com/watch?v=cwbrLL0vrh8
Tehran Washington conflict,TkWDBdFmxWg,Why Washington should not expect allies to join the US-Israel war on Iran,"As the US-Israel war on Iran enters its third week, Tehran continues to maintain an effective blockade of the Strait of Hormuz ...",The Newsmakers,2026-03-17T12:42:12Z,https://www.youtube.com/watch?v=TkWDBdFmxWg
Tehran Washington conflict,fbWqpz0UJrg,LIVE: Kremlin Issues Stern Warning to Washington on Iran Conflict | US Iran War,"Russian Foreign Minister Sergei Lavrov, speaking from a ministerial conference in Moscow, has issued a stark warning to the ...",Times Now World,2026-03-16T11:42:21Z,https://www.youtube.com/watch?v=fbWqpz0UJrg
Tehran Washington conflict,8c8pROqEu1E,Oil Nears $100 as Iran Conflict Escalates | AUROOSA RIAZ,"The Iran war has entered its 3rd week with no sign of either side backing down, sending global oil prices soaring. Brent crude ...",DECODER,2026-03-16T09:40:20Z,https://www.youtube.com/watch?v=8c8pROqEu1E
Tehran Washington conflict,NCHxLcvFgkQ,"Trump Returns to Washington as Iran War Enters ""Dangerous Phase"" | DRM News | AH1C","Under a moonlit sky, Air Force One touched down at Joint Base Andrews late Sunday evening, marking the end of President ...",DRM News,2026-03-16T06:03:06Z,https://www.youtube.com/watch?v=NCHxLcvFgkQ
Tehran Washington conflict,Nne1viO7d6g,RUSSIA & CHINA ARM IRAN: Tehran Confirms Military Support As US Conflict Escalates | US-Iran War,"Iranian Foreign Minister Abbas Araghchi says Iran is receiving “military cooperation” from Russia and China, describing both ...",Times Now World,2026-03-16T02:30:00Z,https://www.youtube.com/watch?v=Nne1viO7d6g
Tehran Washington conflict,s9Yof-TrzBI,LIVE: Kremlin Issues Stern Warning to Washington on Iran Conflict | US Iran War,"Russian Foreign Minister Sergei Lavrov, speaking from a ministerial conference in Moscow, has issued a stark warning to the ...",Times Now World,2026-03-15T12:27:52Z,https://www.youtube.com/watch?v=s9Yof-TrzBI
Tehran Washington conflict,GAa3uRCPKVw,US Strikes Iran’s Kharg Island to Challenge Tehran’s Control Near Strait of Hormuz,US Strikes Iran's Kharg Island to Challenge Tehran's Control Near Strait of Hormuz The United States has launched major ...,Hidden Earth,2026-03-14T13:00:27Z,https://www.youtube.com/watch?v=GAa3uRCPKVw
Tehran Washington conflict,f1yEWzxQatg,Iran and Middle Eastern Countries #iran #middleeastconflict #uae #saudiarabia #ksa #iranuswar,Iran and Middle Eastern Countries #iran #middleeastconflict #trump #iran #usa #abnayharms#america #mojtabakhamenei ...,Dr. Sundus Mustaqeem,2026-03-14T10:06:11Z,https://www.youtube.com/watch?v=f1yEWzxQatg
Tehran Washington conflict,xg5gGAkx0ec,Trump Threatens to Take Control of the Strait of Hormuz to Stop Iran,Trump Threatens to Take Control of the Strait of Hormuz to Stop Iran U.S. President Donald Trump has warned that the United ...,Hidden Earth,2026-03-14T09:01:17Z,https://www.youtube.com/watch?v=xg5gGAkx0ec
Tehran Washington conflict,bTmeYc74Yyo,Iran and Middle Eastern Countries #iran #saudiarabia #usa #israel #iranuswar #iranisraelwar #china,Iran and Middle Eastern Countries #india #afghanistan #pakistan #islamabad #sundusmustaqeem #iran #usa #america ...,Dr. Sundus Mustaqeem,2026-03-14T01:43:08Z,https://www.youtube.com/watch?v=bTmeYc74Yyo
Tehran Washington conflict,tMcw5TYUr-w,From Washington to Tehran: TheU.S-IranConflict Explained #currentaffairs #worldnews#usa #hormuz #oil,3d #facts #mapanimation #shorts #fyp #usa #iran #vanzeula #iranusaconflict #usa #animation.,Ecolchi,2026-03-13T20:55:52Z,https://www.youtube.com/watch?v=tMcw5TYUr-w
Tehran Washington conflict,zCvK4mt3Mxw,"Why Gulf Fury Is Aimed at Tehran, Not Washington","Why Gulf Fury Is Aimed at Tehran, Not Washington Anger across the Arab Gulf states is increasingly directed toward Tehran, not ...",XPower shifts,2026-03-13T06:00:54Z,https://www.youtube.com/watch?v=zCvK4mt3Mxw
Tehran Washington conflict,aPje3eOucuk,"Ông Trump nói Iran “đang trả giá đắt”, Tehran tuyên bố không nhượng bộ","Tổng thống Donald Trump cho rằng chiến dịch quân sự nhằm vào Iran đang diễn biến nhanh và khiến Tehran phải “trả giá đắt”, ...",Báo Nghệ An,2026-03-13T04:15:40Z,https://www.youtube.com/watch?v=aPje3eOucuk
Tehran Washington conflict,mtKOjK8gZIE,From Washington to Tehran: the US-Iran conflict explained,The relationship between the United States and Iran has been one of the most complex and dangerous rivalries in modern ...,Global Pulse 🌍,2026-03-13T01:46:15Z,https://www.youtube.com/watch?v=mtKOjK8gZIE
Tehran Washington conflict,zpRH2ibrIAk,"BREAKING: Why Gulf fury is aimed at Tehran, not Washington","Why Gulf fury is aimed at Tehran, not Washington Source Link: https://tinyurl.com/2576u65o #shorts #breakingnews #geopolitics ...",Frontion News,2026-03-12T04:46:44Z,https://www.youtube.com/watch?v=zpRH2ibrIAk
Tehran Washington conflict,OHfRfRRwjkA,Martin Wolf Interview | Iran War Deal Unlikely As Conflict Deepens: Martin Wolf,Financial Times columnist and global economic analyst Martin Wolf says the prospects of a diplomatic breakthrough between the ...,NDTV World,2026-03-10T16:10:50Z,https://www.youtube.com/watch?v=OHfRfRRwjkA
Tehran Washington conflict,gZtPIGAnhg0,Washington on Iran’s New Supreme Leader — Law Before Fury,"""As Mojtaba Khamenei takes power after his father's death, tensions rise between Tehran, Jerusalem, and Washington. Markets ...",Save.The.Republic,2026-03-10T14:30:27Z,https://www.youtube.com/watch?v=gZtPIGAnhg0
Tehran Washington conflict,ANgHiVKHvD8,Iran Israel War Latest News: ईरान America युद्ध कितना लंबा चलेगा? || सेना का बड़ा ऐलान || Dharmendra,IranIsraelWar #IranUSWar #MiddleEastConflict #IranMissiles #IsraelIranConflict #TrumpIran #MiddleEastWar #WorldWarRisk ...,online news india,2026-03-09T02:30:14Z,https://www.youtube.com/watch?v=ANgHiVKHvD8
Tehran Washington conflict,AiO1gB9Owvo,Washington spent \$6 billion in a week of war with Tehran,"The United States has reportedly spent $6 billion in just one week during military operations against Iran, according to The New ...",DAILYSPHERE1,2026-03-08T18:18:23Z,https://www.youtube.com/watch?v=AiO1gB9Owvo
